id,text,username,timestamp,likes,retweets
1,"I absolutely love this new phone! Best purchase I've ever made 😍 #tech #amazing",@techfan99,2024-01-15 09:23:11,142,38
2,"The customer service at this airline is absolutely terrible. Lost my luggage AGAIN. Never flying with them again 😡",@frustrated_traveler,2024-01-15 10:05:33,87,22
3,"Just had my morning coffee. Starting the day slow today.",@daily_life,2024-01-15 08:30:00,12,1
4,"This movie was absolutely breathtaking! The cinematography and storytelling were perfect 🎬❤️",@cinephile2024,2024-01-15 21:45:12,234,91
5,"Traffic is bad as usual. Nothing new here. Commuting to work.",@commuter_life,2024-01-15 08:55:44,5,0
6,"Heartbroken to hear about the recent disasters. Sending love and prayers to all affected 💔",@caring_soul,2024-01-15 14:22:07,512,203
7,"This product is a complete scam! Wasted my money on garbage that broke after one use 😤",@angry_buyer,2024-01-15 16:33:21,198,77
8,"Beautiful sunset today at the beach! Nature never ceases to amaze me 🌅",@nature_lover,2024-01-15 19:12:55,876,312
9,"The new software update broke everything. My entire workflow is destroyed. Thanks for nothing.",@dev_rage,2024-01-15 11:44:30,445,189
10,"Just finished reading a book. It was okay I guess.",@casual_reader,2024-01-15 20:00:00,8,2
11,"So grateful for my amazing friends and family! Life is truly beautiful 🙏✨",@positivity_only,2024-01-15 18:30:15,934,287
12,"Another Monday. Another week begins. Just taking it one day at a time.",@monday_blues,2024-01-15 07:15:00,23,4
13,"This restaurant was phenomenal! Best food I have had in years! Highly recommend!! 🍽️⭐⭐⭐⭐⭐",@foodie_reviews,2024-01-15 20:45:33,567,134
14,"Disappointing performance from the team today. They really need to step it up.",@sports_critic,2024-01-15 22:10:18,312,98
15,"The conference was informative. Learned some new things. Networking was decent.",@professional_dev,2024-01-15 17:30:00,41,8
16,"Can't believe how amazing this concert was! Best night of my life! 🎶🔥",@music_addict,2024-01-15 23:55:42,1203,567
17,"My flight got cancelled. Now stuck at the airport for 6 hours. Absolutely fuming.",@stranded_passenger,2024-01-15 13:20:00,789,234
18,"The weather is fine today. Not too hot, not too cold.",@weather_watcher,2024-01-15 12:00:00,7,1
19,"Woke up feeling incredibly energized and ready to crush today! Nothing can stop me 💪🚀",@motivation_daily,2024-01-15 06:30:00,445,178
20,"This is the worst day of my life. Everything is going wrong. Just want it to be over.",@rough_day_2024,2024-01-15 15:45:00,234,45
21,"Had a decent lunch. Nothing spectacular but it filled me up.",@lunch_update,2024-01-15 13:00:00,3,0
22,"Just adopted a puppy! My heart is SO full of joy right now! 🐶❤️ Best decision ever!",@new_dog_parent,2024-01-15 16:00:00,2341,891
23,"The new policy changes are completely unfair and outrageous. This company has lost my trust.",@disappointed_customer,2024-01-15 09:00:00,678,234
24,"Working from home today. Pretty standard day, checking off tasks on my list.",@wfh_life,2024-01-15 10:30:00,14,2
25,"Absolutely thrilled to announce I got the job! Dreams really do come true! 🎉🙌",@career_milestone,2024-01-15 14:00:00,3456,1023
26,"The system keeps crashing and support is useless. Genuinely the worst tech I've ever used.",@tech_nightmare,2024-01-15 11:00:00,456,123
27,"Reading some interesting articles this morning. Pretty good way to start the day.",@morning_reader,2024-01-15 08:00:00,18,3
28,"This community is incredible! So much love and support from everyone here 💕",@community_grateful,2024-01-15 19:30:00,789,267
29,"Prices are too high, quality is too low. This brand has really gone downhill.",@value_hunter,2024-01-15 12:30:00,345,89
30,"Just finished a workout. Feeling good. Back to the grind.",@fitness_daily,2024-01-15 07:45:00,56,9
